<?xml version="1.0" encoding="UTF-8"?>
<beans xmlns="http://www.springframework.org/schema/beans"
       xmlns:xsi="http://www.w3.org/2001/XMLSchema-instance"
       xmlns:context="http://www.springframework.org/schema/context"
       xmlns:aop="http://www.springframework.org/schema/aop"
       xsi:schemaLocation="http://www.springframework.org/schema/beans
                           http://www.springframework.org/schema/beans/spring-beans.xsd
                           http://www.springframework.org/schema/context
                           http://www.springframework.org/schema/context/spring-context.xsd
                           http://www.springframework.org/schema/aop
                           http://www.springframework.org/schema/aop/spring-aop.xsd">

    <!-- Enable component scanning for the com.example package -->
    <context:component-scan base-package="com.example"/>

    <!-- Enable AOP auto-proxying -->
    <aop:aspectj-autoproxy/>

    <!-- Define the BookRepository bean -->
    <bean id="bookRepository" class="com.example.BookRepository"/>

    <!-- Define the BookService bean with constructor injection -->
    <bean id="bookServiceConstructor" class="com.example.BookService">
        <constructor-arg ref="bookRepository"/>
    </bean>

    <!-- Define the BookService bean with setter injection -->
    <bean id="bookServiceSetter" class="com.example.BookService">
        <property name="bookRepository" ref="bookRepository"/>
    </bean>

    <!-- Define the LoggingAspect bean -->
    <bean id="loggingAspect" class="com.library.aspect.LoggingAspect"/>

</beans>
